Layer,Phase 1 point,Hits,NEVTs
Y,1,LEF-2-4, LEF-2-5
Y,2,LEF-2-3, LEF-2-4
Y,3,LEF-2-2, LEF-2-3
Y,4,LEF-2-1, LEF-2-2
Y,5,LEF-2-1, LEF-4-1
Y,6,LEF-4-1, LEF-4-2
Y,7,LEF-4-2, LEF-4-3
Y,8,LEF-4-3, LEF-4-4
Y,9,LEF-4-4, LEF-4-5
Y,10,LEF-4-4, LEF-4-5
Y,11,LEF-4-3, LEF-4-4
Y,12,LEF-4-2, LEF-4-3
Y,13,LEF-4-1, LEF-4-2
Y,14,LEF-2-1, LEF-4-1
Y,15,LEF-2-1, LEF-2-2
Y,16,LEF-2-2, LEF-2-3
Y,17,LEF-2-3, LEF-2-4
Y,18,LEF-2-4, LEF-2-5
Y,19,LEF-2-6, LEF-2-7
Y,20,LEF-2-5, LEF-2-6
Y,21,LEF-2-4, LEF-2-5
Y,22,LEF-2-3, LEF-2-4
Y,23,LEF-2-2, LEF-2-3
Y,24,LEF-2-1, LEF-2-2
Y,25,LEF-2-1, LEF-4-1
Y,26,LEF-4-1, LEF-4-2
Y,27,LEF-4-2, LEF-4-3
Y,28,LEF-4-3, LEF-4-4
Y,29,LEF-4-4, LEF-4-5
Y,30,LEF-4-5, LEF-4-6
Y,31,LEF-4-6, LEF-4-7
Y,32,LEF-4-6, LEF-4-7
Y,33,LEF-4-5, LEF-4-6
Y,34,LEF-4-4, LEF-4-5
Y,35,LEF-4-3, LEF-4-4
Y,36,LEF-4-2, LEF-4-3
Y,37,LEF-4-1, LEF-4-2
Y,38,LEF-2-1, LEF-4-1
Y,39,LEF-2-1, LEF-2-2
Y,40,LEF-2-2, LEF-2-3
Y,41,LEF-2-3, LEF-2-4
Y,42,LEF-2-4, LEF-2-5
Y,43,LEF-2-5, LEF-2-6
Y,44,LEF-2-6, LEF-2-7
Y,45,LEF-2-8, LEF-2-9
Y,46,LEF-2-7, LEF-2-8
Y,47,LEF-2-6, LEF-2-7
Y,48,LEF-2-5, LEF-2-6
Y,49,LEF-2-4, LEF-2-5
Y,50,LEF-2-3, LEF-2-4
Y,51,LEF-2-2, LEF-2-3
Y,52,LEF-2-1, LEF-2-2
Y,53,LEF-2-1, LEF-4-1
Y,54,LEF-4-1, LEF-4-2
Y,55,LEF-4-2, LEF-4-3
Y,56,LEF-4-3, LEF-4-4
Y,57,LEF-4-4, LEF-4-5
Y,58,LEF-4-5, LEF-4-6
Y,59,LEF-4-6, LEF-4-7
Y,60,LEF-4-7, LEF-4-8
Y,61,LEF-4-8, LEF-4-9
Y,62,LEF-4-8, LEF-4-9
Y,63,LEF-4-7, LEF-4-8
Y,64,LEF-4-6, LEF-4-7
Y,65,LEF-4-5, LEF-4-6
Y,66,LEF-4-4, LEF-4-5
Y,67,LEF-4-3, LEF-4-4
Y,68,LEF-4-2, LEF-4-3
Y,69,LEF-4-1, LEF-4-2
Y,70,LEF-2-1, LEF-4-1
Y,71,LEF-2-1, LEF-2-2
Y,72,LEF-2-2, LEF-2-3
Y,73,LEF-2-3, LEF-2-4
Y,74,LEF-2-4, LEF-2-5
Y,75,LEF-2-5, LEF-2-6
Y,76,LEF-2-6, LEF-2-7
Y,77,LEF-2-7, LEF-2-8
Y,78,LEF-2-8, LEF-2-9
Y,79,LEF-2-8, LEF-2-9
Y,80,LEF-2-7, LEF-2-8
Y,81,LEF-2-6, LEF-2-7
Y,82,LEF-2-5, LEF-2-6
Y,83,LEF-2-4, LEF-2-5
Y,84,LEF-2-3, LEF-2-4
Y,85,LEF-2-2, LEF-2-3
Y,86,LEF-2-1, LEF-2-2
Y,87,LEF-2-1, LEF-4-1
Y,88,LEF-4-1, LEF-4-2
Y,89,LEF-4-2, LEF-4-3
Y,90,LEF-4-3, LEF-4-4
Y,91,LEF-4-4, LEF-4-5
Y,92,LEF-4-5, LEF-4-6
Y,93,LEF-4-6, LEF-4-7
Y,94,LEF-4-7, LEF-4-8
Y,95,LEF-4-8, LEF-4-9
Y,96,LEF-4-8, LEF-4-9
Y,97,LEF-4-7, LEF-4-8
Y,98,LEF-4-6, LEF-4-7
Y,99,LEF-4-5, LEF-4-6
Y,100,LEF-4-4, LEF-4-5
Y,101,LEF-4-3, LEF-4-4
Y,102,LEF-4-2, LEF-4-3
Y,103,LEF-4-1, LEF-4-2
Y,104,LEF-2-1, LEF-4-1
Y,105,LEF-2-1, LEF-2-2
Y,106,LEF-2-2, LEF-2-3
Y,107,LEF-2-3, LEF-2-4
Y,108,LEF-2-4, LEF-2-5
Y,109,LEF-2-5, LEF-2-6
Y,110,LEF-2-6, LEF-2-7
Y,111,LEF-2-7, LEF-2-8
Y,112,LEF-2-8, LEF-2-9
Y,113,LEF-2-8, LEF-2-9
Y,114,LEF-2-7, LEF-2-8
Y,115,LEF-2-6, LEF-2-7
Y,116,LEF-2-5, LEF-2-6
Y,117,LEF-2-4, LEF-2-5
Y,118,LEF-2-3, LEF-2-4
Y,119,LEF-2-2, LEF-2-3
Y,120,LEF-2-1, LEF-2-2
Y,121,LEF-2-1, LEF-4-1
Y,122,LEF-4-1, LEF-4-2
Y,123,LEF-4-2, LEF-4-3
Y,124,LEF-4-3, LEF-4-4
Y,125,LEF-4-4, LEF-4-5
Y,126,LEF-4-5, LEF-4-6
Y,127,LEF-4-6, LEF-4-7
Y,128,LEF-4-7, LEF-4-8
Y,129,LEF-4-8, LEF-4-9
Y,130,LEF-4-8, LEF-4-9
Y,131,LEF-4-7, LEF-4-8
Y,132,LEF-4-6, LEF-4-7
Y,133,LEF-4-5, LEF-4-6
Y,134,LEF-4-4, LEF-4-5
Y,135,LEF-4-3, LEF-4-4
Y,136,LEF-4-2, LEF-4-3
Y,137,LEF-4-1, LEF-4-2
Y,138,LEF-2-1, LEF-4-1
Y,139,LEF-2-1, LEF-2-2
Y,140,LEF-2-2, LEF-2-3
Y,141,LEF-2-3, LEF-2-4
Y,142,LEF-2-4, LEF-2-5
Y,143,LEF-2-5, LEF-2-6
Y,144,LEF-2-6, LEF-2-7
Y,145,LEF-2-7, LEF-2-8
Y,146,LEF-2-8, LEF-2-9
Y,147,LEF-2-8, LEF-2-9
Y,148,LEF-2-7, LEF-2-8
Y,149,LEF-2-6, LEF-2-7
Y,150,LEF-2-5, LEF-2-6
Y,151,LEF-2-4, LEF-2-5
Y,152,LEF-2-3, LEF-2-4
Y,153,LEF-2-2, LEF-2-3
Y,154,LEF-2-1, LEF-2-2
Y,155,LEF-2-1, LEF-4-1
Y,156,LEF-4-1, LEF-4-2
Y,157,LEF-4-2, LEF-4-3
Y,158,LEF-4-3, LEF-4-4
Y,159,LEF-4-4, LEF-4-5
Y,160,LEF-4-5, LEF-4-6
Y,161,LEF-4-6, LEF-4-7
Y,162,LEF-4-7, LEF-4-8
Y,163,LEF-4-8, LEF-4-9
Y,164,LEF-4-8, LEF-4-9
Y,165,LEF-4-7, LEF-4-8
Y,166,LEF-4-6, LEF-4-7
Y,167,LEF-4-5, LEF-4-6
Y,168,LEF-4-4, LEF-4-5
Y,169,LEF-4-3, LEF-4-4
Y,170,LEF-4-2, LEF-4-3
Y,171,LEF-4-1, LEF-4-2
Y,172,LEF-2-1, LEF-4-1
Y,173,LEF-2-1, LEF-2-2
Y,174,LEF-2-2, LEF-2-3
Y,175,LEF-2-3, LEF-2-4
Y,176,LEF-2-4, LEF-2-5
Y,177,LEF-2-5, LEF-2-6
Y,178,LEF-2-6, LEF-2-7
Y,179,LEF-2-7, LEF-2-8
Y,180,LEF-2-8, LEF-2-9
Y,181,LEF-8-8, LEF-8-9
Y,182,LEF-8-7, LEF-8-8
Y,183,LEF-8-6, LEF-8-7
Y,184,LEF-8-5, LEF-8-6
Y,185,LEF-8-4, LEF-8-5
Y,186,LEF-8-3, LEF-8-4
Y,187,LEF-8-2, LEF-8-3
Y,188,LEF-8-1, LEF-8-2
Y,189,LEF-6-1, LEF-8-1
Y,190,LEF-6-1, LEF-6-2
Y,191,LEF-6-2, LEF-6-3
Y,192,LEF-6-3, LEF-6-4
Y,193,LEF-6-4, LEF-6-5
Y,194,LEF-6-5, LEF-6-6
Y,195,LEF-6-6, LEF-6-7
Y,196,LEF-6-7, LEF-6-8
Y,197,LEF-6-8, LEF-6-9
Y,198,LEF-6-8, LEF-6-9
Y,199,LEF-6-7, LEF-6-8
Y,200,LEF-6-6, LEF-6-7
Y,201,LEF-6-5, LEF-6-6
Y,202,LEF-6-4, LEF-6-5
Y,203,LEF-6-3, LEF-6-4
Y,204,LEF-6-2, LEF-6-3
Y,205,LEF-6-1, LEF-6-2
Y,206,LEF-6-1, LEF-8-1
Y,207,LEF-8-1, LEF-8-2
Y,208,LEF-8-2, LEF-8-3
Y,209,LEF-8-3, LEF-8-4
Y,210,LEF-8-4, LEF-8-5
Y,211,LEF-8-5, LEF-8-6
Y,212,LEF-8-6, LEF-8-7
Y,213,LEF-8-7, LEF-8-8
Y,214,LEF-8-8, LEF-8-9
Y,215,LEF-8-8, LEF-8-9
Y,216,LEF-8-7, LEF-8-8
Y,217,LEF-8-6, LEF-8-7
Y,218,LEF-8-5, LEF-8-6
Y,219,LEF-8-4, LEF-8-5
Y,220,LEF-8-3, LEF-8-4
Y,221,LEF-8-2, LEF-8-3
Y,222,LEF-8-1, LEF-8-2
Y,223,LEF-6-1, LEF-8-1
Y,224,LEF-6-1, LEF-6-2
Y,225,LEF-6-2, LEF-6-3
Y,226,LEF-6-3, LEF-6-4
Y,227,LEF-6-4, LEF-6-5
Y,228,LEF-6-5, LEF-6-6
Y,229,LEF-6-6, LEF-6-7
Y,230,LEF-6-7, LEF-6-8
Y,231,LEF-6-8, LEF-6-9
Y,232,LEF-6-8, LEF-6-9
Y,233,LEF-6-7, LEF-6-8
Y,234,LEF-6-6, LEF-6-7
Y,235,LEF-6-5, LEF-6-6
Y,236,LEF-6-4, LEF-6-5
Y,237,LEF-6-3, LEF-6-4
Y,238,LEF-6-2, LEF-6-3
Y,239,LEF-6-1, LEF-6-2
Y,240,LEF-6-1, LEF-8-1
Y,241,LEF-8-1, LEF-8-2
Y,242,LEF-8-2, LEF-8-3
Y,243,LEF-8-3, LEF-8-4
Y,244,LEF-8-4, LEF-8-5
Y,245,LEF-8-5, LEF-8-6
Y,246,LEF-8-6, LEF-8-7
Y,247,LEF-8-7, LEF-8-8
Y,248,LEF-8-8, LEF-8-9
Y,249,LEF-8-8, LEF-8-9
Y,250,LEF-8-7, LEF-8-8
Y,251,LEF-8-6, LEF-8-7
Y,252,LEF-8-5, LEF-8-6
Y,253,LEF-8-4, LEF-8-5
Y,254,LEF-8-3, LEF-8-4
Y,255,LEF-8-2, LEF-8-3
Y,256,LEF-8-1, LEF-8-2
Y,257,LEF-6-1, LEF-8-1
Y,258,LEF-6-1, LEF-6-2
Y,259,LEF-6-2, LEF-6-3
Y,260,LEF-6-3, LEF-6-4
Y,261,LEF-6-4, LEF-6-5
Y,262,LEF-6-5, LEF-6-6
Y,263,LEF-6-6, LEF-6-7
Y,264,LEF-6-7, LEF-6-8
Y,265,LEF-6-8, LEF-6-9
Y,266,LEF-6-8, LEF-6-9
Y,267,LEF-6-7, LEF-6-8
Y,268,LEF-6-6, LEF-6-7
Y,269,LEF-6-5, LEF-6-6
Y,270,LEF-6-4, LEF-6-5
Y,271,LEF-6-3, LEF-6-4
Y,272,LEF-6-2, LEF-6-3
Y,273,LEF-6-1, LEF-6-2
Y,274,LEF-6-1, LEF-8-1
Y,275,LEF-8-1, LEF-8-2
Y,276,LEF-8-2, LEF-8-3
Y,277,LEF-8-3, LEF-8-4
Y,278,LEF-8-4, LEF-8-5
Y,279,LEF-8-5, LEF-8-6
Y,280,LEF-8-6, LEF-8-7
Y,281,LEF-8-7, LEF-8-8
Y,282,LEF-8-8, LEF-8-9
Y,283,LEF-8-8, LEF-8-9
Y,284,LEF-8-7, LEF-8-8
Y,285,LEF-8-6, LEF-8-7
Y,286,LEF-8-5, LEF-8-6
Y,287,LEF-8-4, LEF-8-5
Y,288,LEF-8-3, LEF-8-4
Y,289,LEF-8-2, LEF-8-3
Y,290,LEF-8-1, LEF-8-2
Y,291,LEF-6-1, LEF-8-1
Y,292,LEF-6-1, LEF-6-2
Y,293,LEF-6-2, LEF-6-3
Y,294,LEF-6-3, LEF-6-4
Y,295,LEF-6-4, LEF-6-5
Y,296,LEF-6-5, LEF-6-6
Y,297,LEF-6-6, LEF-6-7
Y,298,LEF-6-7, LEF-6-8
Y,299,LEF-6-8, LEF-6-9
Y,300,LEF-6-8, LEF-6-9
Y,301,LEF-6-7, LEF-6-8
Y,302,LEF-6-6, LEF-6-7
Y,303,LEF-6-5, LEF-6-6
Y,304,LEF-6-4, LEF-6-5
Y,305,LEF-6-3, LEF-6-4
Y,306,LEF-6-2, LEF-6-3
Y,307,LEF-6-1, LEF-6-2
Y,308,LEF-6-1, LEF-8-1
Y,309,LEF-8-1, LEF-8-2
Y,310,LEF-8-2, LEF-8-3
Y,311,LEF-8-3, LEF-8-4
Y,312,LEF-8-4, LEF-8-5
Y,313,LEF-8-5, LEF-8-6
Y,314,LEF-8-6, LEF-8-7
Y,315,LEF-8-7, LEF-8-8
Y,316,LEF-8-8, LEF-8-9
Y,317,LEF-8-6, LEF-8-7
Y,318,LEF-8-5, LEF-8-6
Y,319,LEF-8-4, LEF-8-5
Y,320,LEF-8-3, LEF-8-4
Y,321,LEF-8-2, LEF-8-3
Y,322,LEF-8-1, LEF-8-2
Y,323,LEF-6-1, LEF-8-1
Y,324,LEF-6-1, LEF-6-2
Y,325,LEF-6-2, LEF-6-3
Y,326,LEF-6-3, LEF-6-4
Y,327,LEF-6-4, LEF-6-5
Y,328,LEF-6-5, LEF-6-6
Y,329,LEF-6-6, LEF-6-7
Y,330,LEF-6-6, LEF-6-7
Y,331,LEF-6-5, LEF-6-6
Y,332,LEF-6-4, LEF-6-5
Y,333,LEF-6-3, LEF-6-4
Y,334,LEF-6-2, LEF-6-3
Y,335,LEF-6-1, LEF-6-2
Y,336,LEF-6-1, LEF-8-1
Y,337,LEF-8-1, LEF-8-2
Y,338,LEF-8-2, LEF-8-3
Y,339,LEF-8-3, LEF-8-4
Y,340,LEF-8-4, LEF-8-5
Y,341,LEF-8-5, LEF-8-6
Y,342,LEF-8-6, LEF-8-7
Y,343,LEF-8-4, LEF-8-5
Y,344,LEF-8-3, LEF-8-4
Y,345,LEF-8-2, LEF-8-3
Y,346,LEF-8-1, LEF-8-2
Y,347,LEF-6-1, LEF-8-1
Y,348,LEF-6-1, LEF-6-2
Y,349,LEF-6-2, LEF-6-3
Y,350,LEF-6-3, LEF-6-4
Y,351,LEF-6-4, LEF-6-5
Y,352,LEF-6-4, LEF-6-5
Y,353,LEF-6-3, LEF-6-4
Y,354,LEF-6-2, LEF-6-3
Y,355,LEF-6-1, LEF-6-2
Y,356,LEF-6-1, LEF-8-1
Y,357,LEF-8-1, LEF-8-2
Y,358,LEF-8-2, LEF-8-3
Y,359,LEF-8-3, LEF-8-4
Y,360,LEF-8-4, LEF-8-5
